Region,Year,Mean_NDVI,Mean_NO2
Aarau,2010,0.6000016591779798,19.383899257911704
Aarau,2011,0.5504887499430398,18.431972539320288
Aarau,2013,0.7121477865561724,17.764441071007827
Aarau,2014,0.6957158811174534,18.063296451226577
Aarau,2015,0.6856706450296809,17.02346432004344
Aarau,2016,0.6110873136003039,18.01854252842536
Aarau,2017,0.6640812313352203,16.666310569613273
Aarau,2018,0.6777749366252456,16.27325447712723
Affoltern,2010,0.6088349967426364,16.970917453759114
Affoltern,2011,0.6320193513589868,16.061778268533693
Affoltern,2013,0.6284108937126154,15.668402412028081
Affoltern,2014,0.6813933147478598,16.05975911974527
Affoltern,2015,0.6495167769382983,15.005419775732772
Affoltern,2016,0.6979626511546466,16.453028669097176
Affoltern,2017,0.6204476542508277,14.584555433694243
Affoltern,2018,0.6813254630373949,14.254799861076915
Aigle,2010,0.31284640272320413,7.760076928582875
Aigle,2011,0.44555422805751915,7.652911706925804
Aigle,2013,0.5094238046024558,7.437713566617341
Aigle,2014,0.5429731499149788,7.426317200460549
Aigle,2015,0.4810148641157598,6.7472224686715006
Aigle,2016,0.5511879737603175,6.814679307042513
Aigle,2017,0.45963135511651065,6.465363629858783
Aigle,2018,0.5393110731193066,6.88419357691567
Albula,2010,0.24607982545471427,2.0924048408973093
Albula,2011,0.21686455360796425,1.9053791736671954
Albula,2013,0.34446642564790814,1.9055779688519874
Albula,2014,0.30438804581873835,1.9174647724193516
Albula,2015,0.32803167036623726,1.721043092561822
Albula,2016,0.35482929962740317,1.7305326556628653
Albula,2017,0.25368572677353396,1.624738350995889
Albula,2018,0.23632463070067614,1.8455241771303463
Andelfingen,2010,0.6034610102222863,15.62617562050554
Andelfingen,2011,0.5628470879856556,14.660076764860904
Andelfingen,2013,0.6754913875915362,14.452999047034075
Andelfingen,2014,0.6489207448003769,15.18097408971036
Andelfingen,2015,0.6017924988327613,13.686948166698961
Andelfingen,2016,0.6501188637481726,15.423368534520126
Andelfingen,2017,0.5955854272161604,13.928334938358665
Andelfingen,2018,0.6261917348889608,13.906597888401054
Arbon,2010,0.6329054018263769,17.16841870562407
Arbon,2011,0.6351021917986885,16.191105128405656
Arbon,2013,0.6297289858895232,16.07690924989781
Arbon,2014,0.6880414291946788,17.063117692626925
Arbon,2015,0.6640329309199549,14.701437564123244
Arbon,2016,0.7008722231732584,16.122641516717188
Arbon,2017,0.6620141113415305,15.006379163061727
Arbon,2018,0.6601805922155047,14.921877808755085
Arlesheim,2010,0.5534802479877988,21.181322798752745
Arlesheim,2011,0.5115673530633003,20.107612312335938
Arlesheim,2013,0.6356566567502842,19.41455908781677
Arlesheim,2014,0.6097789922772692,19.649625624674133
Arlesheim,2015,0.5795666344156021,18.632653927049304
Arlesheim,2016,0.5887078886192109,19.386980050018742
Arlesheim,2017,0.6147245612335073,18.053618968624047
Arlesheim,2018,0.6041619428262053,18.008985023530272
Baden,2010,0.5832989225548502,21.300861185428246
Baden,2011,0.5540880555888318,20.202087671124612
Baden,2013,0.6629432428425887,19.695902940873562
Baden,2014,0.6461551557130976,20.157019843885944
Baden,2015,0.6437732009725071,18.894572023310094
Baden,2016,0.6324582284394447,20.488178480890948
Baden,2017,0.6073727931098978,18.327061591914898
Baden,2018,0.6391523216574773,18.20093947561897
Bellinzona,2010,0.438823436521967,13.789404909475603
Bellinzona,2011,0.45171265800620397,13.694914356066148
Bellinzona,2013,0.6841660353320791,13.306056861319181
Bellinzona,2014,0.5344585187830787,13.053452231638554
Bellinzona,2015,0.6278127057340929,11.905703689423463
Bellinzona,2016,0.6328610955482213,12.50312554867849
Bellinzona,2017,0.5394664041633436,11.474483491990037
Bellinzona,2018,0.6318778707054614,12.301218436249739
Bern-Mittelland,2010,0.5676693969181198,13.1259105424697
Bern-Mittelland,2011,0.5738734293677318,12.586253975158984
Bern-Mittelland,2013,0.6866984169901507,12.232134833966672
Bern-Mittelland,2014,0.7099578837174537,12.358452408708503
Bern-Mittelland,2015,0.6393866548172552,11.45907144520731
Bern-Mittelland,2016,0.6680579266925288,11.690409163956625
Bern-Mittelland,2017,0.6309227402407888,11.005842698699517
Bern-Mittelland,2018,0.687005576798651,11.17944880187423
Bernina,2010,0.2675969433288912,3.0816894261481447
Bernina,2011,0.23790686499232694,2.8184791765598316
Bernina,2013,0.5042587310874221,2.8118192558243553
Bernina,2014,0.2945943694592274,2.8288821427506754
Bernina,2015,0.32710836218170286,2.539622323320278
Bernina,2016,0.3864986002576413,2.555370089201195
Bernina,2017,0.3752534487141371,2.400961051198689
Bernina,2018,0.31161021963943986,2.7157477663009932
Biel/Bienne,2010,0.5488487343014807,16.75268331115141
Biel/Bienne,2011,0.5683573615417364,16.07599345077896
Biel/Bienne,2013,0.669699418738887,15.572511261967742
Biel/Bienne,2014,0.6460689440971924,15.813355178239158
Biel/Bienne,2015,0.5933798682378492,14.820606305920554
Biel/Bienne,2016,0.657679645835921,15.263826296398845
Biel/Bienne,2017,0.6253431910784735,14.193895942995852
Biel/Bienne,2018,0.63594726320195,14.310118808261882
Blenio,2010,0.36014548873623925,4.345320470632775
Blenio,2011,0.25794792699723684,4.09746063260552
Blenio,2013,0.5467921418749592,4.047771124194429
Blenio,2014,0.27290944638238424,4.029186070864257
Blenio,2015,0.4426875911057015,3.640829452933745
Blenio,2016,0.45111444784693333,3.721601242162775
Blenio,2017,0.35531361580831805,3.461233088068778
Blenio,2018,0.3659692059062281,3.876369482455298
Bremgarten,2010,0.582440887425959,18.03596192813098
Bremgarten,2011,0.5757220427947547,17.098708356342534
Bremgarten,2013,0.6591011284357697,16.67318152181961
Bremgarten,2014,0.6548530983698353,17.063120325919645
Bremgarten,2015,0.6405360759958849,15.997450709586076
Bremgarten,2016,0.6541145736739296,17.402073417043784
Bremgarten,2017,0.616304306313151,15.505132556528887
Bremgarten,2018,0.6449710666774091,15.33395648991308
Brig,2010,0.2011149192519968,3.3703652588570554
Brig,2011,0.16215008345020945,3.1479160908048556
Brig,2013,0.2616832214740624,3.1085104398605563
Brig,2014,0.2203520115368174,3.093670070727973
Brig,2015,0.23363908019452573,2.7819578617547975
Brig,2016,0.2424602413206538,2.8121906345438874
Brig,2017,0.19435084300883318,2.6349710188206252
Brig,2018,0.2659274685432389,2.9563437320675185
Broye-Vully,2010,0.5316703997933437,13.977475817444057
Broye-Vully,2011,0.5643943368047544,13.817884136317785
Broye-Vully,2013,0.6535802834130524,13.486305193829628
Broye-Vully,2014,0.6461330484134258,13.754036854199416
Broye-Vully,2015,0.5918775261256088,12.60974413713599
Broye-Vully,2016,0.6480732036354346,12.554487608573679
Broye-Vully,2017,0.6307418879285199,11.991011536944756
Broye-Vully,2018,0.6040721944754338,12.110566084918776
Brugg,2010,0.588213650916956,19.272744069805796
Brugg,2011,0.5514064434778264,18.291561448908162
Brugg,2013,0.674045142003542,17.737757923348266
Brugg,2014,0.6677427394307965,18.14089928372368
Brugg,2015,0.6624572006016367,17.0432707167127
Brugg,2016,0.5836343524286692,18.431536803144215
Brugg,2017,0.6325106162250308,16.54367108369997
Brugg,2018,0.661767321209463,16.51690790048922
Bucheggberg,2010,0.5956313699312429,14.06757788649048
Bucheggberg,2011,0.595986016932808,13.477749526235456
Bucheggberg,2013,0.7122607710788799,13.118690400993604
Bucheggberg,2014,0.7062521972724574,13.184424670729301
Bucheggberg,2015,0.6294961230738051,12.41938970048035
Bucheggberg,2016,0.6813985934127287,12.93038779341788
Bucheggberg,2017,0.6658020097140482,12.023776227171377
Bucheggberg,2018,0.6814162062048014,12.019326137268687
BÃ¼lach,2010,0.5741691667179397,19.651765985995176
BÃ¼lach,2011,0.5464883804683218,18.481538460546556
BÃ¼lach,2013,0.6244677908075704,18.117009753498973
BÃ¼lach,2014,0.6219244301168062,18.822080167685662
BÃ¼lach,2015,0.5857807481773566,17.352416040373004
BÃ¼lach,2016,0.629527214467764,19.24448537981523
BÃ¼lach,2017,0.5801401943040935,17.348840740778336
BÃ¼lach,2018,0.6137540816313232,17.02667388399399
Conthey,2010,0.2624312842613531,6.5415726474003915
Conthey,2011,0.2826167373228481,6.343965807057853
Conthey,2013,0.34667197241219766,6.1870427356622155
Conthey,2014,0.4763803884984996,6.1326495681563
Conthey,2015,0.3059152903031476,5.539162388907538
Conthey,2016,0.3487543856128695,5.611094013768383
Conthey,2017,0.32509895730528526,5.30543590296028
Conthey,2018,0.4506046115642023,5.719572652247217
DelÃ©mont,2010,0.6430642830089693,10.574300427371371
DelÃ©mont,2011,0.5881267320461087,10.048297257584528
DelÃ©mont,2013,0.7504190515932876,9.804250267830922
DelÃ©mont,2014,0.733211355802938,9.92643875934758
DelÃ©mont,2015,0.6675074063868609,9.368611411094163
DelÃ©mont,2016,0.6833623297691658,9.783421329988723
DelÃ©mont,2017,0.6873681776100756,9.140456709526912
DelÃ©mont,2018,0.7163721921000762,9.242647844798462
Dielsdorf,2010,0.5819566395534354,18.737908504959805
Dielsdorf,2011,0.549497276895342,17.75968626857583
Dielsdorf,2013,0.6433552235526278,17.36627451279584
Dielsdorf,2014,0.6335093984549015,17.893464043311823
Dielsdorf,2015,0.6163948539574764,16.572679735320847
Dielsdorf,2016,0.6271959416750033,18.275032680985195
Dielsdorf,2017,0.5829002502831732,16.43309804131003
Dielsdorf,2018,0.6213388106487279,16.167973854214537
Dietikon,2010,0.5503273073190453,23.227859030378625
Dietikon,2011,0.5507649638991609,22.128257951203814
Dietikon,2013,0.6207420764136317,21.587234029744533
Dietikon,2014,0.6322648356578178,22.17260637689144
Dietikon,2015,0.6194060310844799,20.720013298886887
Dietikon,2016,0.6389469005482179,22.559308524461503
Dietikon,2017,0.5867952144742973,20.271874989600892
Dietikon,2018,0.6165991148995471,19.92174202711024
Dorneck,2010,0.6442279651191218,13.80825736580202
Dorneck,2011,0.6055935942351603,13.09495978726139
Dorneck,2013,0.7356866302939246,12.68991957298872
Dorneck,2014,0.7275404573803358,12.826970504883468
Dorneck,2015,0.6772882927394244,12.09812333334547
Dorneck,2016,0.667259465313623,12.645844519873407
Dorneck,2017,0.7063643070065458,11.830294899774302
Dorneck,2018,0.7069307936807131,11.841823059112713
Einsiedeln,2010,0.5934479747766727,7.2011700165555075
Einsiedeln,2011,0.5296234490572422,6.639963444146639
Einsiedeln,2013,0.5451598612559547,6.526215729547811
Einsiedeln,2014,0.5945146926436552,6.67904936330192
Einsiedeln,2015,0.6147866033984437,5.985813533322685
Einsiedeln,2016,0.6192441412513919,6.119232177995895
Einsiedeln,2017,0.489037857477368,5.680292505581592
Einsiedeln,2018,0.6680205550689682,6.283327239697333
Emmental,2010,0.5979441498804062,10.378208181352745
Emmental,2011,0.6055561660586826,9.816543930176204
Emmental,2013,0.7245011539027684,9.573163237859283
Emmental,2014,0.7417113308794515,9.628506817946263
Emmental,2015,0.669544504146169,8.953685128229118
Emmental,2016,0.667197306070461,9.194166430517292
Emmental,2017,0.5963945605192941,8.586349668783463
Emmental,2018,0.7082651521832001,8.84781676604458
Engiadina Bassa/Val MÃ¼stair,2010,0.19185119349698274,1.4926864330963117
Engiadina Bassa/Val MÃ¼stair,2011,0.17257481255977314,1.3563692895902584
Engiadina Bassa/Val MÃ¼stair,2013,0.31044043837976293,1.3602734241782413
Engiadina Bassa/Val MÃ¼stair,2014,0.18413217774258314,1.3671324008239416
Engiadina Bassa/Val MÃ¼stair,2015,0.25090668146265477,1.2272554084971916
Engiadina Bassa/Val MÃ¼stair,2016,0.2712439895506634,1.2342447453000494
Engiadina Bassa/Val MÃ¼stair,2017,0.20900112757458367,1.1584182929093336
Engiadina Bassa/Val MÃ¼stair,2018,0.20136565507871665,1.3062105172656773
Entlebuch,2010,0.5789994713884739,6.487859365088133
Entlebuch,2011,0.5569006312072478,6.030587240229094
Entlebuch,2013,0.5721648958788478,5.905721561793434
Entlebuch,2014,0.6545581997993871,5.9396832876868855
Entlebuch,2015,0.6051055900313482,5.419370349564374
Entlebuch,2016,0.6287967613901122,5.549392027155553
Entlebuch,2017,0.47244971946642544,5.1439343969427975
Entlebuch,2018,0.6525709947313397,5.5931850335680915
Entremont,2010,0.1360674636472541,2.5291945892897782
Entremont,2011,0.16344902847369452,2.323852574069584
Entremont,2013,0.17669592995376565,2.3070173235759674
Entremont,2014,0.328294362904116,2.2909533448902617
Entremont,2015,0.196737913285006,2.0695220643383867
Entremont,2016,0.20834585620363322,2.0745226964867927
Entremont,2017,0.14228343792963472,1.9485143524486153
Entremont,2018,0.29636132551342614,2.200208624157683
Frauenfeld,2010,0.6193425299990218,15.493069456454242
Frauenfeld,2011,0.5779864019390607,14.344998572137772
Frauenfeld,2013,0.6681283557286622,14.21094598263187
Frauenfeld,2014,0.6628450940340033,14.958545304871041
Frauenfeld,2015,0.626344857759402,13.234567024735732
Frauenfeld,2016,0.6457646399580268,14.682637885421574
Frauenfeld,2017,0.6390737452183889,13.37530723371721
Frauenfeld,2018,0.6346779906386317,13.20470134583021
Frutigen-Niedersimmental,2010,0.3188099027702593,3.979791084515394
Frutigen-Niedersimmental,2011,0.3080131746651017,3.715870306521503
Frutigen-Niedersimmental,2013,0.30509927077589627,3.6463336432417197
Frutigen-Niedersimmental,2014,0.5077551416858189,3.6423880444994285
Frutigen-Niedersimmental,2015,0.30593513324775184,3.2929413598256194
Frutigen-Niedersimmental,2016,0.3473433629084161,3.316139206069093
Frutigen-Niedersimmental,2017,0.21611402092304471,3.1271951588883815
Frutigen-Niedersimmental,2018,0.49530998343478694,3.453443995474758
Gersau,2010,0.6402760833265023,11.151623932112996
Gersau,2011,0.6175366247363421,10.627008531032464
Gersau,2013,0.6694660215086582,10.3757265563704
Gersau,2014,0.6599609834770018,10.599658111017993
Gersau,2015,0.6529102449074387,9.791623921272082
Gersau,2016,0.6920720965711992,10.440512799809122
Gersau,2017,0.6033765986212489,9.454700803756714
Gersau,2018,0.692443806252142,9.417777793835372
Goms,2010,0.10568870613498525,1.9134491424591245
Goms,2011,0.07960890638211782,1.7416570549295523
Goms,2013,0.1210412129242951,1.7370360330194123
Goms,2014,0.1263622484738313,1.7386170875979035
Goms,2015,0.11566539431243138,1.5652100170675665
Goms,2016,0.13061071480082456,1.5699056808405696
Goms,2017,0.07698193036421382,1.473468143145358
Goms,2018,0.16082694080069107,1.6875144208831283
Gros-de-Vaud,2010,0.5058330011153185,13.649164215770236
Gros-de-Vaud,2011,0.572470109734045,13.694692396406838
Gros-de-Vaud,2013,0.6503242155369116,13.33410305494525
Gros-de-Vaud,2014,0.6644387250791386,13.6373772181541
Gros-de-Vaud,2015,0.5588969499117765,12.471566436086546
Gros-de-Vaud,2016,0.6353519586144325,12.453765304709393
Gros-de-Vaud,2017,0.6437822230828768,11.88573151959359
Gros-de-Vaud,2018,0.6039638566303862,12.222298811206361
GÃ¤u,2010,0.5634231589520151,19.850419059866557
GÃ¤u,2011,0.5165593459729527,18.981947148714735
GÃ¤u,2013,0.705476532211483,18.38226951928695
GÃ¤u,2014,0.6708937967063597,18.386653793772755
GÃ¤u,2015,0.6578284848890402,17.421405544440873
GÃ¤u,2016,0.5627905275978806,18.567375865619002
GÃ¤u,2017,0.6705081868196489,17.158220508189295
GÃ¤u,2018,0.6497696237180768,17.101225024112036
GÃ¶sgen,2010,0.5926686002608302,15.01406068034044
GÃ¶sgen,2011,0.5770911196252756,14.195157523750563
GÃ¶sgen,2013,0.737677521011716,13.738681455198218
GÃ¶sgen,2014,0.7186705937890961,13.893932315821965
GÃ¶sgen,2015,0.696809973644745,13.063360558090299
GÃ¶sgen,2016,0.5862542519975218,13.807234540425215
GÃ¶sgen,2017,0.6649704312352813,12.921936993003587
GÃ¶sgen,2018,0.6852728373477118,12.784422400117338
Hinterland,2010,0.681260426492258,8.96808572933384
Hinterland,2011,0.6061877525771363,8.29010570549783
Hinterland,2013,0.5467120115322814,8.200587199039482
Hinterland,2014,0.6668641513120588,8.463534942635073
Hinterland,2015,0.6404874972120056,7.465267177336509
Hinterland,2016,0.7060922476504767,7.746858489982395
Hinterland,2017,0.60869669245915,7.248972409974107
Hinterland,2018,0.6049757072912161,7.859395192639658
Hinwil,2010,0.5968855642320745,14.05195095547067
Hinwil,2011,0.6080574947369625,13.208851726025907
Hinwil,2013,0.6045904273819224,13.02673356567604
Hinwil,2014,0.6648809310588242,13.662586409591114
Hinwil,2015,0.6506704641030834,12.228272026278901
Hinwil,2016,0.6650647017224895,13.289877376003542
Hinwil,2017,0.5990665945478708,12.10338907858467
Hinwil,2018,0.6763465131727693,12.062965454305694
Hochdorf,2010,0.6426944717183413,16.3020030490303
Hochdorf,2011,0.6364701377531053,15.538145008207588
Hochdorf,2013,0.6525629784246697,15.117570215753032
Hochdorf,2014,0.7031067680156159,15.404398005589561
Hochdorf,2015,0.6699959985074199,14.433485741763755
Hochdorf,2016,0.7157998274947154,15.458001317008243
Hochdorf,2017,0.6569394151684057,13.999912903974863
Hochdorf,2018,0.6680029651066547,13.436272589178769
Horgen,2010,0.5949728484159115,17.646475088185277
Horgen,2011,0.6194267464913784,16.64455938320964
Horgen,2013,0.597914956470373,16.300191572890885
Horgen,2014,0.6647287673242741,16.80386973834129
Horgen,2015,0.6261498522284233,15.548467450854423
Horgen,2016,0.6508340138820802,17.008314187133905
Horgen,2017,0.5871866365586126,15.22693488205073
Horgen,2018,0.6652642336883633,14.985364009594095
HÃ©rens,2010,0.15786396938640415,2.619328524602605
HÃ©rens,2011,0.1450753065551864,2.4174823998443995
HÃ©rens,2013,0.18211453055216092,2.3980079001900454
HÃ©rens,2014,0.3502055124483192,2.3827408566250794
HÃ©rens,2015,0.1680257108611683,2.151459729935185
HÃ©rens,2016,0.20019220356163478,2.157332989778584
HÃ©rens,2017,0.13968541437017137,2.0266786885266908
HÃ©rens,2018,0.3170734379272722,2.2824145646897938
HÃ¶fe,2010,0.5747569605495509,16.228315435430055
HÃ¶fe,2011,0.5759768214213519,15.443458776747454
HÃ¶fe,2013,0.5927453366824565,15.215053756604485
HÃ¶fe,2014,0.650155361718895,15.853315386293609
HÃ¶fe,2015,0.6182770774511699,14.324193543003451
HÃ¶fe,2016,0.6296637633143065,15.479928313190365
HÃ¶fe,2017,0.5485950855148675,14.176075258989915
HÃ¶fe,2018,0.6426586033989425,13.984408605910543
Imboden,2010,0.35655001592833613,5.835340264399254
Imboden,2011,0.3461586810955226,5.531300256248314
Imboden,2013,0.5148249540030735,5.456226711122166
Imboden,2014,0.4369727004413308,5.554559722580754
Imboden,2015,0.4945307979980075,4.996136494385633
Imboden,2016,0.48002254049584764,5.08560501999611
Imboden,2017,0.3941383784259426,4.767895666138288
Imboden,2018,0.38914665424230677,5.09327319163298
Interlaken-Oberhasli,2010,0.23297039356986088,3.1900729076230436
Interlaken-Oberhasli,2011,0.19515582016626037,2.9851256349662245
Interlaken-Oberhasli,2013,0.2559741326303186,2.9309595098134333
Interlaken-Oberhasli,2014,0.31789443507161397,2.9276135926267166
Interlaken-Oberhasli,2015,0.2502415060317722,2.6502896763312562
Interlaken-Oberhasli,2016,0.25291630530280446,2.6943920084409045
Interlaken-Oberhasli,2017,0.16163889862770586,2.51935620533826
Interlaken-Oberhasli,2018,0.34212944390640515,2.763211171794719
Jura bernois,2010,0.6058406023475499,8.58970360192344
Jura bernois,2011,0.5936022395935575,8.080937249070658
Jura bernois,2013,0.740621586390704,7.912292115377634
Jura bernois,2014,0.694994086373557,8.019957131526715
Jura bernois,2015,0.605490267415087,7.374691403073388
Jura bernois,2016,0.6791779752957785,7.483346888826748
Jura bernois,2017,0.6207809848017278,7.0331805806544505
Jura bernois,2018,0.6989614619191626,7.4334097183308465
Jura-Nord vaudois,2010,0.5388173156377088,9.872041806534932
Jura-Nord vaudois,2011,0.5870546625425416,9.721569886177322
Jura-Nord vaudois,2013,0.6622968929225861,9.472303102844487
Jura-Nord vaudois,2014,0.6682884135452537,9.627536927376633
Jura-Nord vaudois,2015,0.6342817653890046,8.818733007400722
Jura-Nord vaudois,2016,0.6827630298535389,8.782210845066974
Jura-Nord vaudois,2017,0.6480278542454562,8.356812244973767
Jura-Nord vaudois,2018,0.6185979436198759,8.65610835030067
Kreuzlingen,2010,0.6086168992368678,15.490160900472414
Kreuzlingen,2011,0.5787998418855934,14.433725251419709
Kreuzlingen,2013,0.6539959792388821,14.305290853623116
Kreuzlingen,2014,0.6631820582227721,15.162035901357632
Kreuzlingen,2015,0.6604036825938414,13.228186874696524
Kreuzlingen,2016,0.657636844877339,14.609900991515358
Kreuzlingen,2017,0.676059787841827,13.554857672441123
Kreuzlingen,2018,0.6431915830286675,13.299288372002026
Kulm,2010,0.6227822653894594,14.933254267962944
Kulm,2011,0.6184721239782028,14.187979438739504
Kulm,2013,0.712561575893353,13.759232908334125
Kulm,2014,0.6958541447292864,13.999683673507189
Kulm,2015,0.674053274893363,13.167615654064102
Kulm,2016,0.6588006179495531,13.981494659583717
Kulm,2017,0.6451736847010716,12.790668249224522
Kulm,2018,0.6747076544470034,12.472637412575404
KÃ¼ssnacht (SZ),2010,0.6293995800631937,15.23495576972455
KÃ¼ssnacht (SZ),2011,0.609939362701859,14.65774338804515
KÃ¼ssnacht (SZ),2013,0.6181557507551635,14.280088510660999
KÃ¼ssnacht (SZ),2014,0.6770475764534944,14.596017701435933
KÃ¼ssnacht (SZ),2015,0.6390039037945038,13.556969025229986
KÃ¼ssnacht (SZ),2016,0.6573686249411981,14.613827444547045
KÃ¼ssnacht (SZ),2017,0.6609380580954186,13.114601783256616
KÃ¼ssnacht (SZ),2018,0.6652413423582888,12.681969028394834
La Broye,2010,0.5393349339720278,14.471619034415692
La Broye,2011,0.5566329577499232,14.32280303561631
La Broye,2013,0.6486979806937877,13.959340466885918
La Broye,2014,0.6368051597848364,14.255972651635695
La Broye,2015,0.6081916390899886,13.060042106275118
La Broye,2016,0.6506925769133204,12.999315914407653
La Broye,2017,0.6360353347470116,12.440221007717971
La Broye,2018,0.6048921806026892,12.517032095349226
La GlÃ¢ne,2010,0.5873821843226693,10.870395829028274
La GlÃ¢ne,2011,0.6499654657442694,10.58686892809419
La GlÃ¢ne,2013,0.7172923660748799,10.370988391140225
La GlÃ¢ne,2014,0.720694294360104,10.516212367423764
La GlÃ¢ne,2015,0.6141520326823534,9.555344864044406
La GlÃ¢ne,2016,0.7193284276663354,9.504550847037478
La GlÃ¢ne,2017,0.679371906237536,9.130196727771674
La GlÃ¢ne,2018,0.6558872073010246,9.514861340826794
La GruyÃ¨re,2010,0.4194814066253303,6.6575224777790085
La GruyÃ¨re,2011,0.5314770693329425,6.295247273092555
La GruyÃ¨re,2013,0.62405305092768,6.2002007104145385
La GruyÃ¨re,2014,0.6152897854486095,6.224221258637763
La GruyÃ¨re,2015,0.56826326620101,5.630716120241618
La GruyÃ¨re,2016,0.6639944174615814,5.603211304853571
La GruyÃ¨re,2017,0.550338642047523,5.370343611850215
La GruyÃ¨re,2018,0.6209685521002339,5.795431922903487
La Sarine,2010,0.566735058659227,13.301468701981527
La Sarine,2011,0.6014096341493315,12.946998348974931
La Sarine,2013,0.6876047401106962,12.639250961031983
La Sarine,2014,0.6775762536411183,12.899394159166446
La Sarine,2015,0.6463130585774698,11.723260506941065
La Sarine,2016,0.6766504842700544,11.635707728990136
La Sarine,2017,0.6364979222184197,11.17446300496262
La Sarine,2018,0.6558768087395462,11.46458601662713
La Veveyse,2010,0.4747196484042739,8.703371121163585
La Veveyse,2011,0.61806945868198,8.300835317102992
La Veveyse,2013,0.6966395042463419,8.157249411136837
La Veveyse,2014,0.6969664401859497,8.175566822219293
La Veveyse,2015,0.5919445460948671,7.425477328050108
La Veveyse,2016,0.7023053740007235,7.407637232101049
La Veveyse,2017,0.6603684189438557,7.071479718127512
La Veveyse,2018,0.6439564349968357,7.583263725753616
Landquart,2010,0.43574056232067154,10.346475977755793
Landquart,2011,0.43057679083697903,9.900320372565114
Landquart,2013,0.5796620795376265,9.766727684591674
Landquart,2014,0.569212172613758,10.064004580980034
Landquart,2015,0.5714668148686386,8.971212817929702
Landquart,2016,0.5667884778628821,9.272402747081127
Landquart,2017,0.4476709110915415,8.687299759723501
Landquart,2018,0.5334692073893545,8.973432497683596
Laufen,2010,0.6519038093276373,13.644661918653712
Laufen,2011,0.6019908631897555,13.011120996229165
Laufen,2013,0.739481262514294,12.58572064981766
Laufen,2014,0.71817081429474,12.717660147100156
Laufen,2015,0.68565182822619,12.030204622770968
Laufen,2016,0.6877443419732516,12.608274024152246
Laufen,2017,0.7043821283121352,11.809252669802763
Laufen,2018,0.705120752979664,11.70974199521584
Laufenburg,2010,0.6193313772807988,15.086004197806057
Laufenburg,2011,0.5580256285299404,14.330300915066056
Laufenburg,2013,0.7009934428601531,13.838185214262229
Laufenburg,2014,0.7103092885045899,14.138278521828532
Laufenburg,2015,0.6793107243048634,13.22733847188983
Laufenburg,2016,0.5999894697138395,14.274807557821664
Laufenburg,2017,0.6771134373947588,13.139211572910039
Laufenburg,2018,0.6882406112587234,13.123372988904416
Lausanne,2010,0.472552911078963,18.967423585200414
Lausanne,2011,0.5185806145599102,19.22816594885947
Lausanne,2013,0.6209511073776361,18.703275120830952
Lausanne,2014,0.6318069904735095,18.895938886201016
Lausanne,2015,0.5316016691519196,17.332445419927872
Lausanne,2016,0.6015575449492261,17.352096081196482
Lausanne,2017,0.6126327942172715,16.727729285544182
Lausanne,2018,0.5742445875592852,17.121048054007986
Lavaux-Oron,2010,0.5160066707739042,14.288421899676443
Lavaux-Oron,2011,0.5877011905230968,14.39276621977135
Lavaux-Oron,2013,0.6866543887107366,13.949282680961623
Lavaux-Oron,2014,0.6797960607355223,14.06488180420668
Lavaux-Oron,2015,0.56529308909782,12.856698326978762
Lavaux-Oron,2016,0.6586365399981703,12.876904426716534
Lavaux-Oron,2017,0.6704262380666307,12.424449390535475
Lavaux-Oron,2018,0.6101720616333534,12.697433822298079
Lebern,2010,0.5983307971547486,12.96537937322709
Lebern,2011,0.588616268654538,12.346138067630083
Lebern,2013,0.7165136237759742,12.051367056834234
Lebern,2014,0.6983160875442633,12.121770333526726
Lebern,2015,0.6115544226275946,11.402358156479309
Lebern,2016,0.646038164100106,11.841900214053798
Lebern,2017,0.658917867500211,11.009125084723827
Lebern,2018,0.6603497741437837,11.198359538493545
Lenzburg,2010,0.576331365457819,20.447006224844355
Lenzburg,2011,0.5522476766260069,19.366874023321813
Lenzburg,2013,0.6600841775741852,18.745178847068207
Lenzburg,2014,0.6381053485001578,19.144479005926318
Lenzburg,2015,0.6380361042847837,18.041446333539614
Lenzburg,2016,0.6102956866025772,19.438763610311838
Lenzburg,2017,0.5969005214744871,17.58635304133592
Lenzburg,2018,0.6398773403349277,17.212752714498233
Les Franches-Montagnes,2010,0.594363100227531,7.812931551806728
Les Franches-Montagnes,2011,0.583360436859849,7.416643387066155
Les Franches-Montagnes,2013,0.7144923004353311,7.2552584332397805
Les Franches-Montagnes,2014,0.6915116068461636,7.360227496627323
Les Franches-Montagnes,2015,0.6093153660460422,6.810317300984161
Les Franches-Montagnes,2016,0.6872174835321653,6.884214725258393
Les Franches-Montagnes,2017,0.6285603431360229,6.484055082994505
Les Franches-Montagnes,2018,0.7300416158497053,6.7760726393541875
Leuk,2010,0.2093624804243297,4.549456977733266
Leuk,2011,0.1971334005763978,4.374209334024354
Leuk,2013,0.2296211647944466,4.273182960253141
Leuk,2014,0.3886645906166214,4.232796277706372
Leuk,2015,0.24330899670388348,3.813235468777442
Leuk,2016,0.2668746601189751,3.8640887958381867
Leuk,2017,0.20418180114966758,3.629215899761088
Leuk,2018,0.3464775873721987,3.9791263863613278
Leventina,2010,0.2980711255396429,5.041853863182546
Leventina,2011,0.2492105828613728,4.744526095007058
Leventina,2013,0.4013825780249874,4.685536531988912
Leventina,2014,0.2502965966929302,4.664359079362953
Leventina,2015,0.3891238715897939,4.215064713939993
Leventina,2016,0.39545943891534,4.302705632361092
Leventina,2017,0.31875887507009437,4.003240084578448
Leventina,2018,0.3981415600911928,4.531098118998064
Liestal,2010,0.6069283392539592,19.274547147684412
Liestal,2011,0.5602221106821149,18.334556428543422
Liestal,2013,0.6996872629927322,17.790757105730325
Liestal,2014,0.691600337398016,17.98541569300048
Liestal,2015,0.6601013713151819,17.097631206857955
Liestal,2016,0.6223430718740327,17.777426860081114
Liestal,2017,0.6716454552158678,16.76237808799832
Liestal,2018,0.6675323185346068,16.4882489566298
Locarno,2010,0.41017666087298443,10.141496051710291
Locarno,2011,0.38731256530941294,10.016805191077577
Locarno,2013,0.6005584202373222,9.76225420323745
Locarno,2014,0.46141940803870335,9.603527263581201
Locarno,2015,0.5631343026267791,8.725312522049087
Locarno,2016,0.5664896582913004,9.128555984342087
Locarno,2017,0.506275972217627,8.387323463995784
Locarno,2018,0.5559554814214872,9.069092509649728
Lugano,2010,0.46578404451147,17.619468607266782
Lugano,2011,0.492506998344603,17.856642439924148
Lugano,2013,0.7063797518439084,17.312844025936737
Lugano,2014,0.5952731024078312,16.9462885775953
Lugano,2015,0.6246225491677994,15.495853685812857
Lugano,2016,0.672598896051951,16.384558562682464
Lugano,2017,0.5815239028266604,14.976599542031936
Lugano,2018,0.6372617739180054,15.824865964375704
Luzern-Land,2010,0.6284479373522526,14.843938038383941
Luzern-Land,2011,0.5938753861448713,14.151089894236842
Luzern-Land,2013,0.6439288043411862,13.775932271852941
Luzern-Land,2014,0.6786647244232084,14.005782754716304
Luzern-Land,2015,0.6656214758903425,13.05885426385234
Luzern-Land,2016,0.6961618986630784,13.901891562385057
Luzern-Land,2017,0.6249261777122253,12.58113853097327
Luzern-Land,2018,0.6721270384398306,12.352459025799616
Luzern-Stadt,2010,0.5490710680479632,21.6994663857345
Luzern-Stadt,2011,0.5305119660637218,20.778121656643798
Luzern-Stadt,2013,0.5737157499007578,20.219103512921734
Luzern-Stadt,2014,0.6062547837855535,20.55453575738848
Luzern-Stadt,2015,0.5941044331311468,19.274599824923715
Luzern-Stadt,2016,0.6245655824824978,20.65314834069544
Luzern-Stadt,2017,0.6049604880954447,18.64791888284836
Luzern-Stadt,2018,0.6065072301170328,17.843970121670687
Maloja,2010,0.12755832330629305,1.5379151606981896
Maloja,2011,0.10356758326479366,1.4002836257579472
Maloja,2013,0.23581191985622066,1.4019072697415522
Maloja,2014,0.13852802852381088,1.4085909261471423
Maloja,2015,0.16037002496102398,1.2650855002218575
Maloja,2016,0.18333213947542537,1.2720281177962034
Maloja,2017,0.15179274713973082,1.1947056917232957
Maloja,2018,0.1281953775668158,1.3459388381170354
March,2010,0.5543390963575671,10.318267382912458
March,2011,0.5082520210826507,9.784641711622635
March,2013,0.5523925919304873,9.64785027070479
March,2014,0.608945480050345,10.02511230351453
March,2015,0.5964965729519932,8.983764706218944
March,2016,0.6190186322419207,9.532491976845073
March,2017,0.5223147493532008,8.805176472893374
March,2018,0.6380674164864327,8.956962565967743
Martigny,2010,0.2668232365446326,9.173384893060742
Martigny,2011,0.3713577820493933,9.072171671967416
Martigny,2013,0.4964053418083044,8.817622081638467
Martigny,2014,0.5405160525793703,8.720018192321234
Martigny,2015,0.45110728747594203,7.874400971864692
Martigny,2016,0.49400434865668846,8.021519559913777
Martigny,2017,0.4373143342157059,7.614619351351735
Martigny,2018,0.5069541150837196,8.097330909779407
Meilen,2010,0.58251543094703,17.830925410597587
Meilen,2011,0.5886067144576956,16.979933901256384
Meilen,2013,0.6060433004612864,16.64735600090567
Meilen,2014,0.6566352275207231,17.297875366535134
Meilen,2015,0.6038899230625157,15.83602455137359
Meilen,2016,0.6380681954358924,17.381633612657065
Meilen,2017,0.592300024690209,15.607412653446648
Meilen,2018,0.6437913862406333,15.239707256961927
Mendrisio,2010,0.4817335047270948,20.48278147244574
Mendrisio,2011,0.5344243580282816,20.94955197446858
Mendrisio,2013,0.7043157369761414,20.348694974827218
Mendrisio,2014,0.6328374042792175,19.87121153249321
Mendrisio,2015,0.634311130046313,18.132606161583432
Mendrisio,2016,0.6902094390327077,19.235255161147197
Mendrisio,2017,0.5753732260891966,17.50849240607309
Mendrisio,2018,0.6644446281402668,18.31316712806324
Mittelland,2010,0.7191609613033942,10.056600001970926
Mittelland,2011,0.6471706516614814,9.262666688283284
Mittelland,2013,0.629312410501922,9.165466672579447
Mittelland,2014,0.7036924863265428,9.424466666221619
Mittelland,2015,0.6872482494057992,8.319733339945476
Mittelland,2016,0.7253927911178346,8.591800004005432
Mittelland,2017,0.5752943046254033,8.033533336321513
Mittelland,2018,0.6461401789875765,8.795266675949097
Moesa,2010,0.2913187943093832,5.023093046430349
Moesa,2011,0.27966772973848175,4.779446863350493
Moesa,2013,0.572829283719388,4.708547004443122
Moesa,2014,0.308533223318873,4.677269794718525
Moesa,2015,0.45698508552400685,4.233865503235568
Moesa,2016,0.45429310025389313,4.347234315830187
Moesa,2017,0.3983509097691945,4.030656346559544
Moesa,2018,0.39792097036970336,4.473907433237554
Monthey,2010,0.3243555341793706,7.780864752298483
Monthey,2011,0.4320383902239202,7.653800119216181
Monthey,2013,0.5181724892396482,7.437657090226096
Monthey,2014,0.5838895319620383,7.422950333219528
Monthey,2015,0.5114634658935848,6.7458557714822405
Monthey,2016,0.5563324471956899,6.8179383592592036
Monthey,2017,0.47750648131251433,6.4708707295870935
Monthey,2018,0.5465177094484405,6.901361455493242
Morges,2010,0.5268185383567999,12.925639172967657
Morges,2011,0.5850101858550694,13.139768724659506
Morges,2013,0.6504596719595469,12.71676754518537
Morges,2014,0.6635048309005886,12.920543864917299
Morges,2015,0.59440294324572,11.878905054266962
Morges,2016,0.6721801898689059,11.904101549335175
Morges,2017,0.6497769143879267,11.415123320237571
Morges,2018,0.6044248919018057,11.744177434683298
Muri,2010,0.6197098224605039,15.775511975999452
Muri,2011,0.6361321766710776,14.966945489476867
Muri,2013,0.6604494215129877,14.564551482738388
Muri,2014,0.691834268748176,14.895096614651697
Muri,2015,0.6605168098201886,13.96143639985099
Muri,2016,0.7080739770597202,15.027458900878571
Muri,2017,0.649886461676372,13.506605141988775
Muri,2018,0.6646414024680307,13.043207374195354
MÃ¼nchwilen,2010,0.6616415737532741,14.487452801735706
MÃ¼nchwilen,2011,0.6584371651729539,13.38745280735859
MÃ¼nchwilen,2013,0.6728838358741852,13.25210572161579
MÃ¼nchwilen,2014,0.7112499582435138,13.95448736655584
MÃ¼nchwilen,2015,0.6653167102369251,12.377519602004158
MÃ¼nchwilen,2016,0.6938165647273341,13.636770261154595
MÃ¼nchwilen,2017,0.6829633862924684,12.478419981409981
MÃ¼nchwilen,2018,0.6892233243563651,12.30787104255683
Nyon,2010,0.4983669284441791,11.591379496922562
Nyon,2011,0.5616843211105534,11.76119181806722
Nyon,2013,0.6756971609462322,11.336846574241923
Nyon,2014,0.6711128334608549,11.528300291912235
Nyon,2015,0.6080294618086428,10.610507899839417
Nyon,2016,0.7107326144162295,10.684349483781826
Nyon,2017,0.6360457501128697,10.224663346433877
Nyon,2018,0.6236220567178283,10.5298801848244
Oberaargau,2010,0.5902399603235424,14.361832883443789
Oberaargau,2011,0.5769487448454941,13.587104563147687
Oberaargau,2013,0.7285020322520823,13.253948327223192
Oberaargau,2014,0.7101331393625022,13.322687753356329
Oberaargau,2015,0.6850979742978008,12.574257426491052
Oberaargau,2016,0.6492134559140226,13.129087182410931
Oberaargau,2017,0.6519957032332494,12.148647671763777
Oberaargau,2018,0.6808637359359367,12.172796429081604
Oberklettgau,2010,0.6221364005534618,13.315835420032986
Oberklettgau,2011,0.5426585426011267,12.519700769177101
Oberklettgau,2013,0.6606641992400631,12.345511220042544
Oberklettgau,2014,0.6459052220238017,12.713466327981164
Oberklettgau,2015,0.6021742062297191,11.66147132288488
Oberklettgau,2016,0.6359467208874134,13.099002482587856
Oberklettgau,2017,0.598302961381143,11.822194517401982
Oberklettgau,2018,0.6167592757216049,11.927680797410428
Obersimmental-Saanen,2010,0.30301025746775456,3.2893252533239687
Obersimmental-Saanen,2011,0.3654153100120777,3.0044913280953205
Obersimmental-Saanen,2013,0.37192989585078345,2.9835666009276767
Obersimmental-Saanen,2014,0.5399675544810864,2.9678156085747647
Obersimmental-Saanen,2015,0.37210969148198225,2.6799526464311567
Obersimmental-Saanen,2016,0.4642345394622623,2.6812478211624
Obersimmental-Saanen,2017,0.31436251855099046,2.517373440145043
Obersimmental-Saanen,2018,0.5486399612011512,2.8618202049514228
Olten,2010,0.561400668573147,19.63169886063325
Olten,2011,0.5410925526216183,18.606141645404122
Olten,2013,0.6985960015930852,18.0005448132591
Olten,2014,0.6655003094375888,18.12119861449742
Olten,2015,0.6555445688192626,17.13501732818203
Olten,2016,0.5646510296086851,18.261565135220835
Olten,2017,0.6248522151534418,17.06914314460849
Olten,2018,0.6463654883524484,16.82446756240104
Ouest lausannois,2010,0.39918136567861495,21.349174926776698
Ouest lausannois,2011,0.4174966832824264,21.985231017909033
Ouest lausannois,2013,0.5116796027424303,21.34158416864502
Ouest lausannois,2014,0.515464170544174,21.54777227927356
Ouest lausannois,2015,0.4618447661200514,19.981600660695495
Ouest lausannois,2016,0.5115390190235467,19.969141922374764
Ouest lausannois,2017,0.5027467536280047,19.242244222376605
Ouest lausannois,2018,0.47247720283374667,19.761551166918412
PfÃ¤ffikon,2010,0.6193188568064205,15.154333986451414
PfÃ¤ffikon,2011,0.627457228261197,14.127252694558678
PfÃ¤ffikon,2013,0.6253911120311706,13.910186098908584
PfÃ¤ffikon,2014,0.673366880269581,14.607639582920728
PfÃ¤ffikon,2015,0.6410002949497191,13.08844270692166
PfÃ¤ffikon,2016,0.702202576160837,14.291821747872318
PfÃ¤ffikon,2017,0.6337612918929253,12.982786491265143
PfÃ¤ffikon,2018,0.6939179113470931,12.876003916887065
Plessur,2010,0.331273569105421,4.709275603252615
Plessur,2011,0.3020948333014302,4.41279248956106
Plessur,2013,0.44782389327758815,4.373238051624146
Plessur,2014,0.43672387191769674,4.437718928712113
Plessur,2015,0.42842437058033583,3.9825416813465297
Plessur,2016,0.4430429548063526,4.056550370088491
Plessur,2017,0.3407349672037485,3.8015272519126464
Plessur,2018,0.36159584849675713,4.114964268296744
Porrentruy,2010,0.6314543283491026,11.244262496506858
Porrentruy,2011,0.605053470410611,10.718443706278991
Porrentruy,2013,0.7346876244040103,10.411666268741518
Porrentruy,2014,0.7060250012070104,10.633074350514368
Porrentruy,2015,0.6597862917328176,10.093676793298851
Porrentruy,2016,0.6445980413422342,10.485441076906566
Porrentruy,2017,0.6928225276224582,9.788620612908002
Porrentruy,2018,0.6965504933564983,9.806705716919904
PrÃ¤ttigau/Davos,2010,0.26082119605437587,2.8471299927759253
PrÃ¤ttigau/Davos,2011,0.24521830722534357,2.6062605504196013
PrÃ¤ttigau/Davos,2013,0.3627854281718712,2.604497279584005
PrÃ¤ttigau/Davos,2014,0.33522352500015146,2.633272369129643
PrÃ¤ttigau/Davos,2015,0.36296682519005236,2.358896080529605
PrÃ¤ttigau/Davos,2016,0.3622957680108356,2.383103544770542
PrÃ¤ttigau/Davos,2017,0.2699431313100039,2.2357062462349027
PrÃ¤ttigau/Davos,2018,0.295419929254034,2.4960513979202137
Raron,2010,0.1956932188504082,3.5836580952067436
Raron,2011,0.17839966620177825,3.346956608997334
Raron,2013,0.23455484355070047,3.302350342620947
Raron,2014,0.2759688801588794,3.2849839302030563
Raron,2015,0.20047279432858778,2.955433910239642
Raron,2016,0.23796646286226583,2.986952590068758
Raron,2017,0.19220987734168393,2.7990056259820277
Raron,2018,0.2809750703903476,3.1397549209808697
Reiat,2010,0.5914651067569111,13.701527499375663
Reiat,2011,0.5379582740973656,12.722708742875916
Reiat,2013,0.6583957278241838,12.649898164869569
Reiat,2014,0.63844372177563,13.315885941025682
Reiat,2015,0.5799897989500326,11.909063143060067
Reiat,2016,0.6269266254066234,13.395213854531407
Reiat,2017,0.6163097260216541,12.252443988551432
Reiat,2018,0.588682740224787,12.258044799330763
Rheinfelden,2010,0.6171986413922362,17.559871018552215
Rheinfelden,2011,0.5558064238588061,16.674668582696206
Rheinfelden,2013,0.6858573407972366,16.177821565639668
Rheinfelden,2014,0.6886593042777273,16.422787531009075
Rheinfelden,2015,0.654954110965993,15.551056971903643
Rheinfelden,2016,0.6062751769839979,16.291221790183876
Rheinfelden,2017,0.672203841676838,15.255535654336567
Rheinfelden,2018,0.6628962209973076,15.168971699653497
Rheintal,2010,0.6322279679043518,17.666301843620115
Rheintal,2011,0.6037096696478679,16.83991936096398
Rheintal,2013,0.6379207523894779,16.78539746450389
Rheintal,2014,0.6498188347447839,17.65792050689871
Rheintal,2015,0.6663214691385815,15.228052997232032
Rheintal,2016,0.6730886114281448,16.59150347470688
Rheintal,2017,0.5638139976690109,15.293836410075839
Rheintal,2018,0.6325846635633975,15.34236751489925
Riviera,2010,0.3635718832037198,8.547273227468716
Riviera,2011,0.3549904254049783,8.372129343884977
Riviera,2013,0.6183086271419604,8.179035353363295
Riviera,2014,0.39053766300927417,8.052452730671874
Riviera,2015,0.551421146130117,7.318141950160126
Riviera,2016,0.5458156271499236,7.628226907082079
Riviera,2017,0.4742556827535667,7.034639628415697
Riviera,2018,0.47802185698005145,7.616251029521349
Riviera-Pays-d'Enhaut,2010,0.3613066524956535,8.067679901764944
Riviera-Pays-d'Enhaut,2011,0.5043540209530797,7.89141439220154
Riviera-Pays-d'Enhaut,2013,0.5914343638220569,7.671774193208211
Riviera-Pays-d'Enhaut,2014,0.5731791216302914,7.678523573774854
Riviera-Pays-d'Enhaut,2015,0.5322323473415098,6.993957819329302
Riviera-Pays-d'Enhaut,2016,0.6197884860244066,7.017481389767479
Riviera-Pays-d'Enhaut,2017,0.5306786188761685,6.697779151479304
Riviera-Pays-d'Enhaut,2018,0.5951012572500396,7.07749379574513
Rorschach,2010,0.6317457732038648,19.65035801267662
Rorschach,2011,0.6201409916874189,18.542243434781582
Rorschach,2013,0.5920324281288779,18.42673030692429
Rorschach,2014,0.6740273723821929,19.598965767744332
Rorschach,2015,0.6479798075894544,16.678758953522383
Rorschach,2016,0.6897304925896598,18.197136039096588
Rorschach,2017,0.5905465343847598,17.099522687749626
Rorschach,2018,0.6507924411290106,17.08154337540826
Saint-Maurice,2010,0.20233459803205164,6.5018239004432035
Saint-Maurice,2011,0.3324492751656431,6.340398326984741
Saint-Maurice,2013,0.36737550435871713,6.202662472442511
Saint-Maurice,2014,0.3962562787461427,6.141928721636346
Saint-Maurice,2015,0.34939841978417174,5.548595388411726
Saint-Maurice,2016,0.39094687214946805,5.622725366640141
Saint-Maurice,2017,0.33151213986512895,5.328825993988999
Saint-Maurice,2018,0.3793475941048216,5.7256394128504535
Sarganserland,2010,0.4410944325179162,6.0268999697384835
Sarganserland,2011,0.33878998695078233,5.692670470632369
Sarganserland,2013,0.5125350282788406,5.638359867210913
Sarganserland,2014,0.4394461207459157,5.799864822306516
Sarganserland,2015,0.5044464445945027,5.152868730200415
Sarganserland,2016,0.47900420474034416,5.351704715979676
Sarganserland,2017,0.3506033475170794,4.989095824890646
Sarganserland,2018,0.3780166843434103,5.252020123825663
Schaffhausen,2010,0.6418836121887218,13.61699961807159
Schaffhausen,2011,0.5680268115074518,12.75292121478849
Schaffhausen,2013,0.7023927984599383,12.620731256343355
Schaffhausen,2014,0.6586172242265727,13.252431219944269
Schaffhausen,2015,0.6245527586627453,11.927666797486962
Schaffhausen,2016,0.669919708630416,13.502977761780143
Schaffhausen,2017,0.6231305516307802,12.351036563532514
Schaffhausen,2018,0.6447715953737911,12.451300414337377
Schleitheim,2010,0.6276840858039685,11.360516605342006
Schleitheim,2011,0.5365890771205224,10.660516606925599
Schleitheim,2013,0.6782155967608376,10.495848708926971
Schleitheim,2014,0.6623098352324457,10.852029528565073
Schleitheim,2015,0.5986168927358838,9.934225103512022
Schleitheim,2016,0.6438213449920385,10.938560905491734
Schleitheim,2017,0.6011656403633846,10.006180816910804
Schleitheim,2018,0.6272659583516986,10.120848701448898
Schwyz,2010,0.4896345617850757,6.586840232942231
Schwyz,2011,0.39588430982312744,6.161538462530697
Schwyz,2013,0.4574694358199125,6.052899408829518
Schwyz,2014,0.4797153930350476,6.1743668631124775
Schwyz,2015,0.44957065667222595,5.641199209619556
Schwyz,2016,0.4725921614454666,5.899360947754726
Schwyz,2017,0.36106975869058733,5.3794871778883175
Schwyz,2018,0.5229553253741106,5.670564102519899
See,2010,0.5583538533135742,14.956337334391124
See,2011,0.5735479639918566,14.562325353631953
See,2013,0.6643147195650685,14.250149710687573
See,2014,0.6401634360088986,14.589146710203556
See,2015,0.6129509988142227,13.482984032697544
See,2016,0.6542199349179523,13.514795415415735
See,2017,0.6119849005127007,12.770908188915062
See,2018,0.6170975671620558,12.755513966440441
See-Gaster,2010,0.6173185742785219,11.973082784516638
See-Gaster,2011,0.5731315031385048,11.34083410089547
See-Gaster,2013,0.6348141507069852,11.226336704602927
See-Gaster,2014,0.6572473157912628,11.68400549746565
See-Gaster,2015,0.6501840762504737,10.423632763246495
See-Gaster,2016,0.6672975230905266,11.143476936218391
See-Gaster,2017,0.601691689211831,10.254995414979808
See-Gaster,2018,0.6491524465668372,10.348548734548658
Seeland,2010,0.5640328870157938,14.967149645812155
Seeland,2011,0.5701871632475053,14.433123517999173
Seeland,2013,0.6752541210283589,14.035593825564531
Seeland,2014,0.6547184251057343,14.246995247118264
Seeland,2015,0.6024188620517696,13.343503559796657
Seeland,2016,0.6682803572768407,13.622019001197362
Seeland,2017,0.6214650590717566,12.744156770071903
Seeland,2018,0.6305396334887585,12.738467933333117
Sense,2010,0.5249460650529164,10.324540802277344
Sense,2011,0.5623686612525808,9.920942484076143
Sense,2013,0.6436584204625516,9.701505572689618
Sense,2014,0.6702903150900235,9.895799458457633
Sense,2015,0.606400143892587,9.066621498991948
Sense,2016,0.6449116990552969,9.075700091762881
Sense,2017,0.5849804500445059,8.603071368716991
Sense,2018,0.6596563026700777,8.914619096967336
Sierre,2010,0.2256798159788318,4.880294343644599
Sierre,2011,0.21207704643595032,4.69500191284298
Sierre,2013,0.2638976113400336,4.6032874613533235
Sierre,2014,0.4299297056808734,4.555743500737001
Sierre,2015,0.2552839909059841,4.108362002266195
Sierre,2016,0.29661072330011135,4.143405961314934
Sierre,2017,0.2262059317800836,3.9010703384204106
Sierre,2018,0.3916252603143351,4.262165520762433
Sion,2010,0.24280743868015886,9.034598896365479
Sion,2011,0.2613452123152183,8.971341087811942
Sion,2013,0.3278256466968698,8.680863440173649
Sion,2014,0.4282025078904012,8.571188002742659
Sion,2015,0.28420683517204387,7.727005515144927
Sion,2016,0.3267240822866246,7.842804658033333
Sion,2017,0.28702747335807843,7.426485001593737
Sion,2018,0.4200928196112757,7.873637478080032
Sissach,2010,0.6369960801934802,14.521434643601843
Sissach,2011,0.582402757868193,13.792288065294656
Sissach,2013,0.7535099651657965,13.365891688600762
Sissach,2014,0.7373001847143985,13.522228527718033
Sissach,2015,0.7040369798545668,12.78355541991755
Sissach,2016,0.6228126959819098,13.479330875936432
Sissach,2017,0.6857624696068135,12.596682733065824
Sissach,2018,0.6902578776961275,12.41820242940991
Solothurn,2010,0.4477943039939099,20.72468356844745
Solothurn,2011,0.4549050702639488,19.960126611250864
Solothurn,2013,0.55237937756892,19.458227869830555
Solothurn,2014,0.5486262243946691,19.324050661883778
Solothurn,2015,0.4882338115088077,18.398734189287016
Solothurn,2016,0.5136569719911919,19.353797502155544
Solothurn,2017,0.5395348816943728,18.050000033801116
Solothurn,2018,0.5147212275635914,18.025316497947596
St. Gallen,2010,0.6669072784129852,15.883413651495635
St. Gallen,2011,0.6597940820178678,14.91128582921755
St. Gallen,2013,0.6276601093376798,14.806771498478641
St. Gallen,2014,0.7190742121909233,15.77430891331579
St. Gallen,2015,0.6726133862269051,13.321709360533367
St. Gallen,2016,0.7286930937477083,14.349911230214502
St. Gallen,2017,0.6365008985348759,13.68379407481678
St. Gallen,2018,0.6797304523489756,13.944204913339366
Stein,2010,0.5976423085059069,14.303483865799443
Stein,2011,0.5472115241197417,13.251354840186334
Stein,2013,0.6771508288114647,13.153935486578172
Stein,2014,0.6391538952508276,13.84670966486777
Stein,2015,0.5974806756674375,12.257032244282383
Stein,2016,0.6418915491792118,13.759483857923938
Stein,2017,0.6331219507374377,12.549806464410597
Stein,2018,0.6040219832715138,12.473419397415654
Sursee,2010,0.6315882627090356,14.66679162607083
Sursee,2011,0.6554542516536332,13.938622790973053
Sursee,2013,0.6910822749727331,13.54249618458248
Sursee,2014,0.7094336837470155,13.708524231048122
Sursee,2015,0.6841793579488746,12.824836881362977
Sursee,2016,0.7181733120766194,13.642871033958341
Sursee,2017,0.6265804380759394,12.452464250132687
Sursee,2018,0.6766558942332227,12.220435927249516
Surselva,2010,0.30094314863554456,2.474586343697021
Surselva,2011,0.2283028961212437,2.267498834497933
Surselva,2013,0.3576716268691914,2.2573438589523005
Surselva,2014,0.28233882694576146,2.2780965975310155
Surselva,2015,0.35298032302522653,2.0446166393458425
Surselva,2016,0.3489345288632279,2.0600471920970818
Surselva,2017,0.21913062589582621,1.9324429046538008
Surselva,2018,0.26120109787002765,2.1883069211901436
Thal,2010,0.643361441593504,10.110508184682148
Thal,2011,0.609955596870688,9.514039625287774
Thal,2013,0.7729828335604022,9.2982486464188
Thal,2014,0.7536895501720356,9.376830328274075
Thal,2015,0.6861587814316088,8.733189776680986
Thal,2016,0.6713181121988052,8.987855302168315
Thal,2017,0.6804798801048904,8.388458231691311
Thal,2018,0.7284155502194671,8.654866503190625
Thierstein,2010,0.6667106021053949,10.938693275100935
Thierstein,2011,0.6191078506149023,10.383411589176255
Thierstein,2013,0.7688929192855946,10.083841946016827
Thierstein,2014,0.7454806532112165,10.170266045464409
Thierstein,2015,0.6982431274161776,9.55938967684625
Thierstein,2016,0.7108642687721027,9.94741783828616
Thierstein,2017,0.7254859377543968,9.293231617117153
Thierstein,2018,0.731578183025421,9.380907676402765
Thun,2010,0.5355496001250578,10.027408142785921
Thun,2011,0.5336695983349087,9.657025824518284
Thun,2013,0.5983072333978415,9.310575975132911
Thun,2014,0.7108666489291727,9.325620660345628
Thun,2015,0.5840950233047341,8.509272592144073
Thun,2016,0.6287415774932847,8.628438429982802
Thun,2017,0.5471383970274449,8.189932966451304
Thun,2018,0.6801325355037597,8.597591854876061
Toggenburg,2010,0.6364277483764623,8.138065999081121
Toggenburg,2011,0.5773593841909929,7.543658402816655
Toggenburg,2013,0.6157863495751806,7.458519611625699
Toggenburg,2014,0.6485167386729649,7.707262753015224
Toggenburg,2015,0.6273564213380165,6.838328017431425
Toggenburg,2016,0.6487502724680628,7.181609764708589
Toggenburg,2017,0.5436633374222658,6.66124621347724
Toggenburg,2018,0.6120470735656621,7.109039550935237
Unterklettgau,2010,0.6317249863257808,13.248071985154859
Unterklettgau,2011,0.5650356680401594,12.48886032970726
Unterklettgau,2013,0.6805850653156438,12.288603262913565
Unterklettgau,2014,0.6710534735333968,12.605655524704124
Unterklettgau,2015,0.6100822683881593,11.59040273553608
Unterklettgau,2016,0.6535621910787669,12.880119968502564
Unterklettgau,2017,0.6147489012141929,11.490402748774747
Unterklettgau,2018,0.6158526589907444,11.545758359332114
Uster,2010,0.5546099749199548,20.48470840006431
Uster,2011,0.5680225016076179,19.439295881333766
Uster,2013,0.5877901900694612,19.045732570406724
Uster,2014,0.6377895958222982,19.86970127697181
Uster,2015,0.5892051102645913,18.1593172112705
Uster,2016,0.6412637709637917,19.933534843314593
Uster,2017,0.5720926370469079,18.017354191621372
Uster,2018,0.624647777420639,17.543100985490412
Vallemaggia,2010,0.32988327955606617,5.010310653474581
Vallemaggia,2011,0.27002205024131615,4.764689344205832
Vallemaggia,2013,0.4264642405961742,4.69162215316123
Vallemaggia,2014,0.3205433429468538,4.65421703546016
Vallemaggia,2015,0.4303525279703869,4.211554677155218
Vallemaggia,2016,0.4267058618238541,4.320726732250291
Vallemaggia,2017,0.37842460273474443,4.009832722111585
Vallemaggia,2018,0.4247022670095378,4.486849870311768
Viamala,2010,0.2850715372795641,2.835644574157588
Viamala,2011,0.2438775526437936,2.6201314025690357
Viamala,2013,0.41548470249828773,2.607711934584048
Viamala,2014,0.31496370326388445,2.6346813804235523
Viamala,2015,0.3903447190310438,2.368858837334068
Viamala,2016,0.3903319568840876,2.3841296168934245
Viamala,2017,0.27365100127939346,2.2410984243210264
Viamala,2018,0.2536546247248112,2.4923518516744454
Visp,2010,0.08539622604979048,2.0502708228592557
Visp,2011,0.06603078864394155,1.9032544815297767
Visp,2013,0.13178910320620543,1.8846442311261298
Visp,2014,0.137394126406747,1.875903896624929
Visp,2015,0.11800317551355988,1.6874033637121675
Visp,2016,0.11568538713556031,1.7023054518636485
Visp,2017,0.08870616687391979,1.5956298352832385
Visp,2018,0.1462177930748596,1.7946761752145113
Vorderland,2010,0.6973428943166649,12.509552495204643
Vorderland,2011,0.6588328317150338,11.581067126712373
Vorderland,2013,0.5814365300817242,11.5191050092858
Vorderland,2014,0.6944993728369081,11.934681593653668
Vorderland,2015,0.709227907811549,10.418588656771819
Vorderland,2016,0.7285113251750841,10.990877794111451
Vorderland,2017,0.56182916294992,10.263855419963239
Vorderland,2018,0.6601038858349502,10.881153192864844
Waldenburg,2010,0.6552815779424911,12.161737807640215
Waldenburg,2011,0.5846324110744993,11.498856711314946
Waldenburg,2013,0.7792247044166009,11.172141768219994
Waldenburg,2014,0.7581278066803081,11.29241615697378
Waldenburg,2015,0.7134348645729538,10.588833848150765
Waldenburg,2016,0.6382168601725957,11.03742378950119
Waldenburg,2017,0.6761342251411093,10.325495427338089
Waldenburg,2018,0.7216036310133548,10.466653972137266
Wasseramt,2010,0.5572413566873661,19.306380760220804
Wasseramt,2011,0.5216880556139882,18.4334205109704
Wasseramt,2013,0.665852106595486,18.02479081173821
Wasseramt,2014,0.6523502240892118,18.04973850589417
Wasseramt,2015,0.6236808274954033,17.12573223832262
Wasseramt,2016,0.6015361091925608,17.836767772750374
Wasseramt,2017,0.6163791533750919,16.612970716284906
Wasseramt,2018,0.6189184801031742,16.483629701526596
Weinfelden,2010,0.6382617521917364,15.394804505740895
Weinfelden,2011,0.6256820880542271,14.351391337294947
Weinfelden,2013,0.6604793764949256,14.229834454124266
Weinfelden,2014,0.6973274481890192,15.088992607597735
Weinfelden,2015,0.6930814009692683,13.139732302389922
Weinfelden,2016,0.6808188052743046,14.5285311734521
Weinfelden,2017,0.682942193175204,13.483550556783484
Weinfelden,2018,0.6578010437682025,13.233691438397457
Werdenberg,2010,0.6052249629632901,10.332577517882799
Werdenberg,2011,0.5167972448312659,9.824418608463088
Werdenberg,2013,0.625551541408468,9.756724808197612
Werdenberg,2014,0.6092780046019922,10.13331395651019
Werdenberg,2015,0.6286102584394119,8.900426366717316
Werdenberg,2016,0.6312182996845912,9.432810081044833
Werdenberg,2017,0.49672337575820413,8.759127906380698
Werdenberg,2018,0.5357654544576084,9.00730619797873
Wil,2010,0.6534229293518434,15.576113242641657
Wil,2011,0.6622318439353019,14.605882359835524
Wil,2013,0.683006353268912,14.481061023169
Wil,2014,0.7208482300141815,15.332792758024151
Wil,2015,0.7028840199080387,13.342743264639227
Wil,2016,0.7025285562966863,14.621110500904019
Wil,2017,0.6544873734018899,13.570643211865962
Wil,2018,0.6974300675603764,13.560500280486155
Willisau,2010,0.6329024057216166,12.99949035224042
Willisau,2011,0.6448853301426164,12.251226748789431
Willisau,2013,0.7523399457500048,11.910999171496766
Willisau,2014,0.7232646399365681,11.996088655636154
Willisau,2015,0.7036282474236177,11.256667062740862
Willisau,2016,0.7012812128065233,11.864323810504146
Willisau,2017,0.6157863760117543,10.886203631046923
Willisau,2018,0.7093112508450625,10.909327961842681
Winterthur,2010,0.6086005603417105,17.38264397394494
Winterthur,2011,0.584281049193669,16.182755340256964
Winterthur,2013,0.6496046104853666,15.954852058824521
Winterthur,2014,0.6583130150200711,16.78226217326942
Winterthur,2015,0.594405301311502,15.053149854078667
Winterthur,2016,0.665409412679456,16.502418077792328
Winterthur,2017,0.6187228068536157,14.946054729200116
Winterthur,2018,0.6560133215482707,14.716512891239624
Zofingen,2010,0.6023828775985872,18.203158494515804
Zofingen,2011,0.5727736117996943,17.26940214196908
Zofingen,2013,0.7221296886290274,16.720078962910197
Zofingen,2014,0.7010943661000979,16.86432599940679
Zofingen,2015,0.6925989859285826,15.95095882345846
Zofingen,2016,0.6348229102659362,16.97267345594136
Zofingen,2017,0.6634341928151941,15.729808241784472
Zofingen,2018,0.6818023124829269,15.39726451851188
Zurzach,2010,0.6032759369837644,16.80357253459699
Zurzach,2011,0.5604315979543996,15.948075157332354
Zurzach,2013,0.674883666118688,15.5236525974679
Zurzach,2014,0.6560893362232095,15.892269802122877
Zurzach,2015,0.6355259592205174,14.886510631066672
Zurzach,2016,0.6301569818496411,16.150939335777533
Zurzach,2017,0.6256106522468007,14.423190636747904
Zurzach,2018,0.6427154520802626,14.432337538293593
ZÃ¼rich,2010,0.48297539438175663,27.59258936297509
ZÃ¼rich,2011,0.4866632596513509,26.046817784945446
ZÃ¼rich,2013,0.522918063137068,25.433870963667825
ZÃ¼rich,2014,0.5283187964611246,26.199215336062124
ZÃ¼rich,2015,0.5173475452038889,24.391848298915075
ZÃ¼rich,2016,0.5468062372459184,26.84354837188122
ZÃ¼rich,2017,0.49598908486819193,24.05684391352646
ZÃ¼rich,2018,0.538497323604316,23.51142110633351
